Metric,PercentChange
tau2_DL,7.17138944055649
I2_DL,8.18786959209316
tau2_REML,-82.7872637215581
